Авдеев Давид Парфеньевич,Монтажник,102-й мотострелковый полк,32313
Авдеев Мартин Яковлевич,Стекольщик,102-й мотострелковый полк,44364
Авдеев Трофим Тихонович,Старший дрессировщик,102-й мотострелковый полк,19798
Агафонов Анатолий Дмитрьевич,Кузнец,102-й мотострелковый полк,10818
Агафонов Леонтий Богданович,Старший дрессировщик,102-й мотострелковый полк,50991
Агафонов Филипп Борисович,Старший столяр,102-й мотострелковый полк,54417
Аксёнов Вольдемар Тарасович,Старший мастер,102-й мотострелковый полк,10114
Аксёнов Корнелий Тихонович,Наводчик,102-й мотострелковый полк,46018
Алексеев Геннадий Адольфович,Наводчик,102-й мотострелковый полк,34040
Андреев Аполлон Семёнович,Кок,102-й мотострелковый полк,23505
Андреев Герасим Русланович,Радиотелеграфист,102-й мотострелковый полк,20025
Андреев Ким Евсеевич,Дефектовщик,102-й мотострелковый полк,30783
Андреев Корнелий Адольфович,Старший стрелок,102-й мотострелковый полк,37689
Андреев Оскар Артёмович,Вьюковожатый,102-й мотострелковый полк,21226
Белоусов Май Эдуардович,Сапер,102-й мотострелковый полк,42040
Белоусов Осип Антонинович,Слесарь,102-й мотострелковый полк,50940
Беляев Абрам Леонидович,Патрульный,102-й мотострелковый полк,47819
Беляев Герасим Адольфович,Плотник,102-й мотострелковый полк,31977
Беляев Дональд Юрьевич,Тракторист,102-й мотострелковый полк,18133
Беляков Родион Матвеевич,Старший кладовщик,102-й мотострелковый полк,54532
Беляков Тимур Глебович,Старший кочегар,102-й мотострелковый полк,12113
Блинов Венедикт Олегович,Огнеметчик,102-й мотострелковый полк,10111
Бобров Ираклий Андреевич,Старший гранатометчик,102-й мотострелковый полк,24585
Бобров Станислав Михайлович,Старший кок,102-й мотострелковый полк,28530
Борисов Велорий Демьянович,Старший кузнец,102-й мотострелковый полк,37122
Буров Вилли Русланович,Огнеметчик,102-й мотострелковый полк,10457
Буров Донат Ростиславович,Крановщик,102-й мотострелковый полк,33090
Буров Касьян Григорьевич,Старший инструментальщик,102-й мотострелковый полк,41183
Буров Ян Миронович,Старший электрик,102-й мотострелковый полк,14679
Быков Абрам Давидович,Старший портной,102-й мотострелковый полк,37274
Быков Артем Тарасович,Мастер,102-й мотострелковый полк,53367
Быков Виталий Кимович,Старший патрульный,102-й мотострелковый полк,33438
Быков Мартин Фролович,Радиотелефонист,102-й мотострелковый полк,59230
Быков Олег Григорьевич,Старший маляр,102-й мотострелковый полк,31630
Быков Тимур Альвианович,Вожатый служебных собак,102-й мотострелковый полк,42157
Васильев Анатолий Витальевич,Оператор,102-й мотострелковый полк,29947
Васильев Кирилл Владимирович,Дефектовщик,102-й мотострелковый полк,58499
Васильев Панкратий Павлович,Старший инструментальщик,102-й мотострелковый полк,17879
Васильев Филипп Богданович,Механик,102-й мотострелковый полк,56481
Васильев Филипп Вадимович,Аппаратчик,102-й мотострелковый полк,18693
Воронов Бенедикт Адольфович,Вожатый служебных собак,102-й мотострелковый полк,58208
Воронов Харитон Семёнович,Водитель,102-й мотострелковый полк,49849
Герасимов Азарий Геннадьевич,Начальник лесопильной рамы,102-й мотострелковый полк,20269
Герасимов Арсен Русланович,Оператор,102-й мотострелковый полк,36288
Герасимов Венедикт Максович,Старший кладовщик,102-й мотострелковый полк,36198
Герасимов Натан Платонович,Смазчик,102-й мотострелковый полк,26959
Герасимов Олег Эдуардович,Машинист,102-й мотострелковый полк,19348
Герасимов Пантелеймон Яковлевич,Грейдерист,102-й мотострелковый полк,56795
Горбачёв Варлам Онисимович,Старший разведчик,102-й мотострелковый полк,59613
Горбачёв Денис Николаевич,Старший дизелист,102-й мотострелковый полк,18382
Горбачёв Исаак Михайлович,Дефектовщик,102-й мотострелковый полк,18585
Горбачёв Кондрат Богданович,Старший электромонтер,102-й мотострелковый полк,55896
Горбунов Емельян Федорович,Сварщик,102-й мотострелковый полк,49883
Гуляев Аполлон Дмитриевич,Портной,102-й мотострелковый полк,28546
Гуляев Карл Демьянович,Старший пулеметчик,102-й мотострелковый полк,13723
Гуляев Роман Эдуардович,Огнеметчик,102-й мотострелковый полк,57090
Гусев Касьян Германович,Старший пильщик,102-й мотострелковый полк,27697
Гусев Родион Парфеньевич,Помощник начальника автодрома,102-й мотострелковый полк,56768
Гусев Рудольф Георгиевич,Старший сварщик,102-й мотострелковый полк,58899
Гусев Ян Богуславович,Кочегар,102-й мотострелковый полк,52400
Данилов Артем Олегович,Старший механик-водитель,102-й мотострелковый полк,41230
Данилов Владислав Лукьевич,Оператор,102-й мотострелковый полк,32429
Данилов Гордей Романович,Наводчик-оператор,102-й мотострелковый полк,37413
Данилов Панкратий Тихонович,Механик-водитель,102-й мотострелковый полк,54848
Дементьев Аполлон Русланович,Закройщик,102-й мотострелковый полк,34505
Дементьев Арсений Кириллович,Номер расчета,102-й мотострелковый полк,46097
Дементьев Геннадий Глебович,Тракторист,102-й мотострелковый полк,54479
Дементьев Герасим Евсеевич,Старший столяр,102-й мотострелковый полк,24838
Дементьев Иннокентий Эльдарович,Старший столяр,102-й мотострелковый полк,58049
Дементьев Касьян Эдуардович,Старший столяр,102-й мотострелковый полк,22664
Дементьев Кондрат Семенович,Старший пильщик,102-й мотострелковый полк,49805
Дементьев Олег Вениаминович,Старший столяр,102-й мотострелковый полк,22666
Денисов Игнат Якунович,Оператор,102-й мотострелковый полк,20373
Дроздов Азарий Кириллович,Вьюковожатый,102-й мотострелковый полк,58361
Дроздов Даниил Альвианович,Старший заправщик,102-й мотострелковый полк,48033
Дроздов Касьян Кириллович,Старший кузнец,102-й мотострелковый полк,16929
Евсеев Аполлон Донатович,Стекольщик,102-й мотострелковый полк,53722
Евсеев Кондрат Федотович,Старший кинорадиомеханик,102-й мотострелковый полк,30314
Евсеев Ян Митрофанович,Плотник,102-й мотострелковый полк,56654
Елисеев Вилли Юлианович,Кочегар,102-й мотострелковый полк,15102
Елисеев Емельян Семёнович,Старший кинорадиомеханик,102-й мотострелковый полк,13763
Елисеев Панкратий Сергеевич,Старший инструментальщик,102-й мотострелковый полк,29148
Елисеев Юрий Дмитриевич,Кузнец,102-й мотострелковый полк,20935
Ермаков Иннокентий Русланович,Старший мастер,102-й мотострелковый полк,21309
Ермаков Родион Леонидович,Старший инструментальщик,102-й мотострелковый полк,11156
Ермаков Ян Владимирович,Разведчик,102-й мотострелковый полк,35218
Ефимов Арсен Тарасович,Патрульный,102-й мотострелковый полк,47259
Ефимов Виссарион Юрьевич,Пулеметчик,102-й мотострелковый полк,29531
Ефимов Давид Святославович,Старший портной,102-й мотострелковый полк,32969
Зимин Артем Альвианович,Разведчик,102-й мотострелковый полк,38900
Зимин Архип Глебович,Номер расчета,102-й мотострелковый полк,11068
Зимин Архип Эдуардович,Радиотелеграфист,102-й мотострелковый полк,34800
Зимин Давид Павлович,Портной,102-й мотострелковый полк,52210
Зимин Корней Феликсович,Кузнец,102-й мотострелковый полк,14280
Зиновьев Артем Федосеевич,Механик-водитель,102-й мотострелковый полк,39860
Зиновьев Давид Григорьевич,Старший пулеметчик,102-й мотострелковый полк,20384
Зиновьев Касьян Васильевич,Старший электромонтер,102-й мотострелковый полк,40066
Зуев Варлаам Христофорович,Старший маляр,102-й мотострелковый полк,30827
Зуев Виссарион Константинович,Старший патрульный,102-й мотострелковый полк,39742
Зуев Олег Вадимович,Старший кок,102-й мотострелковый полк,28030
Зуев Станислав Федорович,Вьюковожатый,102-й мотострелковый полк,10938
Зыков Остап Проклович,Старший заправщик,102-й мотострелковый полк,45437
Зыков Панкратий Вячеславович,Старший инструментальщик,102-й мотострелковый полк,25699
Ильин Илларион Михайлович,Старший водитель,102-й мотострелковый полк,59794
Ильин Кондратий Антонович,Гранатометчик,102-й мотострелковый полк,21108
Ильин Федор Юрьевич,Старший кинорадиомеханик,102-й мотострелковый полк,46057
Кабанов Корней Русланович,Старший кочегар,102-й мотострелковый полк,23065
Кабанов Мартин Григорьевич,Закройщик,102-й мотострелковый полк,18167
Кабанов Оскар Юрьевич,Тракторист,102-й мотострелковый полк,27077
Кабанов Тимур Семёнович,Портной,102-й мотострелковый полк,28278
Козлов Владислав Проклович,Вьюковожатый,102-й мотострелковый полк,54371
Козлов Лавр Натанович,Старший оператор,102-й мотострелковый полк,13687
Козлов Олег Якунович,Вожатый служебных собак,102-й мотострелковый полк,16922
Козлов Юлиан Кимович,Помощник начальника автодрома,102-й мотострелковый полк,33884
Колобов Азарий Степанович,Мельник,102-й мотострелковый полк,17275
Колобов Аполлон Ростиславович,Старший пулеметчик,102-й мотострелковый полк,46133
Комаров Анатолий Ростиславович,Старший мастер,102-й мотострелковый полк,59275
Комаров Иннокентий Вячеславович,Сапер,102-й мотострелковый полк,25348
Комаров Касьян Михайлович,Номер расчета,102-й мотострелковый полк,52019
Кондратьев Денис Сергеевич,Пулеметчик,102-й мотострелковый полк,39509
Коновалов Архип Николаевич,Старший водитель,102-й мотострелковый полк,14997
Константинов Гавриил Романович,Старший столяр,102-й мотострелковый полк,57870
Константинов Корнелий Феликсович,Оператор,102-й мотострелковый полк,37271
Константинов Яков Христофорович,Кладовщик,102-й мотострелковый полк,46021
Королёв Абрам Русланович,Плотник,102-й мотострелковый полк,15583
Королёв Венедикт Петрович,Закройщик,102-й мотострелковый полк,44166
Королёв Вячеслав Андреевич,Старший оператор,102-й мотострелковый полк,31951
Королёв Герман Евсеевич,Номер расчета,102-й мотострелковый полк,38932
Костин Геннадий Агафонович,Заправщик,102-й мотострелковый полк,44878
Костин Демьян Богданович,Старший кочегар,102-й мотострелковый полк,47555
Кудрявцев Виссарион Якунович,Начальник лесопильной рамы,102-й мотострелковый полк,26491
Кудрявцев Кондратий Степанович,Кинорадиомеханик,102-й мотострелковый полк,22608
Кузнецов Елисей Платонович,Старший плотник,102-й мотострелковый полк,15288
Кузнецов Осип Оскарович,Начальник учебного класса,102-й мотострелковый полк,21664
Кузнецов Остап Макарович,Старший маляр,102-й мотострелковый полк,58825
Кузьмин Донат Петрович,Старший кузнец,102-й мотострелковый полк,52471
Кузьмин Устин Павлович,Сапер,102-й мотострелковый полк,24064
Лыткин Давид Адольфович,Старший стрелок,102-й мотострелковый полк,46048
Лыткин Трофим Эльдарович,Старший оператор,102-й мотострелковый полк,11563
Макаров Аполлон Ростиславович,Кинорадиомеханик,102-й мотострелковый полк,31657
Макаров Арсен Геннадьевич,Наводчик-оператор,102-й мотострелковый полк,27048
Макаров Дмитрий Парфеньевич,Дрессировщик,102-й мотострелковый полк,14375
Макаров Емельян Семенович,Старший водитель,102-й мотострелковый полк,23844
Мамонтов Остап Васильевич,Старший плотник,102-й мотострелковый полк,29654
Меркушев Бенедикт Олегович,Старший водитель,102-й мотострелковый полк,10300
Меркушев Гордей Платонович,Старший оператор,102-й мотострелковый полк,44309
Меркушев Дмитрий Богуславович,Дизелист,102-й мотострелковый полк,50399
Меркушев Лавр Фролович,Старший кинорадиомеханик,102-й мотострелковый полк,35639
Меркушев Роман Якунович,Старший водитель,102-й мотострелковый полк,33212
Михеев Арсений Адольфович,Бурильщик,102-й мотострелковый полк,49299
Михеев Демьян Григорьевич,Помощник гранатометчика,102-й мотострелковый полк,32317
Михеев Демьян Платонович,Старший портной,102-й мотострелковый полк,46383
Михеев Моисей Кимович,Каменщик,102-й мотострелковый полк,58765
Михеев Фрол Федотович,Машинист,102-й мотострелковый полк,39882
Назаров Альфред Адольфович,Бурильщик,102-й мотострелковый полк,34978
Назаров Елисей Эдуардович,Радиотелефонист,102-й мотострелковый полк,53758
Нестеров Вячеслав Макарович,Разнорабочий,102-й мотострелковый полк,47999
Нестеров Назарий Адольфович,Портной,102-й мотострелковый полк,22191
Нестеров Олег Онисимович,Смазчик,102-й мотострелковый полк,30711
Нестеров Харитон Ростиславович,Каменщик,102-й мотострелковый полк,12190
Носков Арсений Николаевич,Слесарь,102-й мотострелковый полк,29391
Носков Вилли Аристархович,Портной,102-й мотострелковый полк,12456
Носков Герман Степанович,Старший водитель,102-й мотострелковый полк,13070
Носков Ефим Федорович,Гранатометчик,102-й мотострелковый полк,49481
Носов Виссарион Леонидович,Старший кок,102-й мотострелковый полк,11815
Носов Демьян Вадимович,Старший кинорадиомеханик,102-й мотострелковый полк,51613
Прохоров Ян Николаевич,Начальник лесопильной рамы,102-й мотострелковый полк,27569
Родионов Бенедикт Антонович,Старший сварщик,102-й мотострелковый полк,26606
Родионов Венедикт Станиславович,Старший пекарь,102-й мотострелковый полк,39643
Рожков Геннадий Петрович,Бурильщик,102-й мотострелковый полк,55368
Рожков Карл Андреевич,Начальник лесопильной рамы,102-й мотострелковый полк,51978
Рожков Родион Сергеевич,Старший пекарь,102-й мотострелковый полк,26188
Рыбаков Венедикт Антонович,Старший дрессировщик,102-й мотострелковый полк,23047
Рыбаков Ефим Ростиславович,Радиотелеграфист,102-й мотострелковый полк,14172
Рыбаков Исаак Вениаминович,Старший маляр,102-й мотострелковый полк,59137
Рябов Вольдемар Николаевич,Старший плотник,102-й мотострелковый полк,54638
Рябов Ким Георгиевич,Гранатометчик,102-й мотострелковый полк,19779
Савин Вячеслав Константинович,Начальник учебного класса,102-й мотострелковый полк,22572
Савин Пантелеймон Валерьянович,Старший портной,102-й мотострелковый полк,17123
Сафонов Арсений Семенович,Сапожник,102-й мотострелковый полк,31560
Сафонов Герасим Филиппович,Старший электромонтер,102-й мотострелковый полк,35874
Сергеев Вячеслав Натанович,Вьюковожатый,102-й мотострелковый полк,33645
Силин Эрнест Артёмович,Старший электромонтер,102-й мотострелковый полк,23052
Ситников Вольдемар Онисимович,Бурильщик,102-й мотострелковый полк,30509
Ситников Донат Германович,Начальник учебного класса,102-й мотострелковый полк,20774
Смирнов Прохор Макарович,Дизелист,102-й мотострелковый полк,20267
Соколов Демьян Яковович,Крановщик,102-й мотострелковый полк,43347
Соколов Игнат Ростиславович,Старший кочегар,102-й мотострелковый полк,11121
Соколов Кондрат Святославович,Старший пулеметчик,102-й мотострелковый полк,59851
Соколов Моисей Игнатьевич,Крановщик,102-й мотострелковый полк,43530
Степанов Абрам Митрофанович,Старший плотник,102-й мотострелковый полк,34737
Степанов Артем Валентинович,Старший пулеметчик,102-й мотострелковый полк,19588
Степанов Лавр Глебович,Старший вожатый служебных собак,102-й мотострелковый полк,48364
Суханов Даниил Григорьевич,Номер расчета,102-й мотострелковый полк,15853
Суханов Даниил Феликсович,Вулканизаторщик,102-й мотострелковый полк,18284
Сысоев Иосиф Яковлевич,Старший пильщик,102-й мотострелковый полк,20744
Сысоев Леонтий Аристархович,Патрульный,102-й мотострелковый полк,50232
Тарасов Леонтий Тихонович,Помощник гранатометчика,102-й мотострелковый полк,30875
Тарасов Трофим Глебович,Старший стрелок,102-й мотострелковый полк,31104
Тетерин Азарий Евсеевич,Старший сапер,102-й мотострелковый полк,15062
Тетерин Геннадий Константинович,Механик,102-й мотострелковый полк,43877
Тетерин Ян Русланович,Сварщик,102-й мотострелковый полк,10386
Тимофеев Карл Альвианович,Помощник гранатометчика,102-й мотострелковый полк,52501
Тимофеев Леонтий Федотович,Старший водитель,102-й мотострелковый полк,35690
Титов Денис Давидович,Крановщик,102-й мотострелковый полк,53603
Титов Иосиф Георгиевич,Радиотелеграфист,102-й мотострелковый полк,37086
Титов Прохор Ростиславович,Старший портной,102-й мотострелковый полк,15896
Титов Роман Христофорович,Пильщик,102-й мотострелковый полк,18828
Фадеев Корней Русланович,Грейдерист,102-й мотострелковый полк,10222
Фадеев Корнелий Вениаминович,Кладовщик,102-й мотострелковый полк,56688
Фадеев Моисей Григорьевич,Водитель,102-й мотострелковый полк,42890
Федосеев Юлиан Пётрович,Кок,102-й мотострелковый полк,46915
Филатов Анатолий Аристархович,Старший разведчик,102-й мотострелковый полк,48313
Филатов Юрий Всеволодович,Начальник учебного класса,102-й мотострелковый полк,17817
Филиппов Венедикт Давидович,Дрессировщик,102-й мотострелковый полк,37380
Филиппов Владислав Романович,Заправщик,102-й мотострелковый полк,49383
Филиппов Роман Всеволодович,Оператор,102-й мотострелковый полк,23861
Фомичёв Пантелей Святославович,Старший электрик,102-й мотострелковый полк,13558
Фёдоров Роман Олегович,Старший оператор,102-й мотострелковый полк,55512
Хохлов Герасим Феликсович,Старший стрелок,102-й мотострелковый полк,56676
Хохлов Людвиг Эдуардович,Кочегар,102-й мотострелковый полк,52144
Чернов Лавр Наумович,Радиотелеграфист,102-й мотострелковый полк,45375
Шашков Виталий Павлович,Сапер,102-й мотострелковый полк,52255
Шашков Исаак Вениаминович,Кочегар,102-й мотострелковый полк,55285
Шашков Родион Юрьевич,Портной,102-й мотострелковый полк,31281
Ширяев Федор Валентинович,Старший кок,102-й мотострелковый полк,12124
Шубин Кондратий Владимирович,Старший оператор,102-й мотострелковый полк,55755
Шубин Лавр Львович,Разнорабочий,102-й мотострелковый полк,59480
Шубин Трофим Тарасович,Медник-жестянщик,102-й мотострелковый полк,49896
Щукин Герман Пётрович,Плотник,102-й мотострелковый полк,24504
Щукин Кирилл Геннадьевич,Водитель,102-й мотострелковый полк,29365
Щукин Назарий Наумович,Старший электрик,102-й мотострелковый полк,25504
Щукин Панкратий Семёнович,Старший пулеметчик,102-й мотострелковый полк,49239
Авдеев Кирилл Евсеевич,Дизелист,2-я артиллерийская батарея,46250
Агафонов Гордей Валентинович,Старший столяр,2-я артиллерийская батарея,41130
Агафонов Людвиг Антонович,Старший кладовщик,2-я артиллерийская батарея,17016
Агафонов Мартин Вячеславович,Кочегар,2-я артиллерийская батарея,50688
Агафонов Трофим Макарович,Каменщик,2-я артиллерийская батарея,46391
Аксёнов Вилен Онисимович,Вьюковожатый,2-я артиллерийская батарея,35538
Аксёнов Герман Яковлевич,Старший патрульный,2-я артиллерийская батарея,47689
Аксёнов Даниил Пантелеймонович,Кинорадиомеханик,2-я артиллерийская батарея,59330
Аксёнов Дмитрий Русланович,Медник-жестянщик,2-я артиллерийская батарея,44971
Аксёнов Май Степанович,Старший столяр,2-я артиллерийская батарея,50546
Аксёнов Осип Парфеньевич,Старший сварщик,2-я артиллерийская батарея,15794
Аксёнов Роман Митрофанович,Радиотелефонист,2-я артиллерийская батарея,51693
Аксёнов Фрол Филиппович,Крановщик,2-я артиллерийская батарея,14214
Алексеев Арсен Тарасович,Машинист,2-я артиллерийская батарея,18800
Алексеев Архип Дмитриевич,Старший пильщик,2-я артиллерийская батарея,47885
Алексеев Емельян Эльдарович,Старший электрик,2-я артиллерийская батарея,54267
Алексеев Илларион Парфеньевич,Кок,2-я артиллерийская батарея,38240
Алексеев Назарий Константинович,Старший пулеметчик,2-я артиллерийская батарея,46478
Алексеев Филипп Максович,Старший дрессировщик,2-я артиллерийская батарея,41836
Андреев Демьян Агафонович,Мельник,2-я артиллерийская батарея,37897
Архипов Альфред Фролович,Оператор,2-я артиллерийская батарея,52372
Архипов Велорий Валерьянович,Аппаратчик,2-я артиллерийская батарея,22257
Архипов Велорий Олегович,Мельник,2-я артиллерийская батарея,16783
Архипов Вилен Пётрович,Старший пильщик,2-я артиллерийская батарея,12919
Архипов Виталий Всеволодович,Старший кинорадиомеханик,2-я артиллерийская батарея,14155
Архипов Игнат Оскарович,Старший плотник,2-я артиллерийская батарея,13272
Архипов Иосиф Всеволодович,Старший дрессировщик,2-я артиллерийская батарея,29131
Беляев Ким Антонович,Радиотелефонист,2-я артиллерийская батарея,22105
Беляев Кондратий Альвианович,Каменщик,2-я артиллерийская батарея,14636
Беляев Фрол Николаевич,Грейдерист,2-я артиллерийская батарея,22890
Беляков Евдоким Онисимович,Старший сварщик,2-я артиллерийская батарея,48579
Беляков Кондрат Мэлорович,Кинорадиомеханик,2-я артиллерийская батарея,31280
Беляков Пантелеймон Валерьянович,Стрелок,2-я артиллерийская батарея,19090
Блинов Азарий Кириллович,Машинист,2-я артиллерийская батарея,36984
Блинов Виталий Феликсович,Монтажник,2-я артиллерийская батарея,54521
Блинов Даниил Семёнович,Начальник лесопильной рамы,2-я артиллерийская батарея,55710
Блинов Кондратий Макарович,Старший радиотелеграфист,2-я артиллерийская батарея,57794
Блинов Панкратий Михайлович,Смазчик,2-я артиллерийская батарея,36762
Блинов Рудольф Николаевич,Старший сапер,2-я артиллерийская батарея,59742
Бобров Кондрат Тимурович,Старший гранатометчик,2-я артиллерийская батарея,39698
Бобров Людвиг Якунович,Старший сварщик,2-я артиллерийская батарея,13397
Борисов Лавр Давидович,Пекарь,2-я артиллерийская батарея,43073
Борисов Назарий Тарасович,Механик-водитель,2-я артиллерийская батарея,51914
Буров Абрам Валентинович,Старший заправщик,2-я артиллерийская батарея,48444
Буров Гавриил Семёнович,Старший водитель,2-я артиллерийская батарея,36830
Буров Касьян Федотович,Старший гранатометчик,2-я артиллерийская батарея,32120
Буров Кондрат Кимович,Мельник,2-я артиллерийская батарея,56202
Быков Вилли Григорьевич,Номер расчета,2-я артиллерийская батарея,50484
Быков Вилли Дмитриевич,Плотник,2-я артиллерийская батарея,53887
Быков Гордей Петрович,Пекарь,2-я артиллерийская батарея,32623
Быков Демьян Агафонович,Мастер,2-я артиллерийская батарея,43959
Быков Касьян Пантелеймонович,Сварщик,2-я артиллерийская батарея,53748
Быков Пантелеймон Дмитрьевич,Старший кладовщик,2-я артиллерийская батарея,18314
Васильев Арсен Геннадьевич,Стекольщик,2-я артиллерийская батарея,25517
Васильев Геннадий Вениаминович,Пильщик,2-я артиллерийская батарея,35498
Васильев Эрнест Миронович,Старший стрелок,2-я артиллерийская батарея,43297
Воронов Иван Вениаминович,Стрелок,2-я артиллерийская батарея,34227
Воронов Кирилл Пётрович,Старший электромонтер,2-я артиллерийская батарея,20354
Воронов Федор Игнатьевич,Дизелист,2-я артиллерийская батарея,43929
Герасимов Велорий Демьянович,Старший электромонтер,2-я артиллерийская батарея,13854
Герасимов Дмитрий Николаевич,Наводчик-оператор,2-я артиллерийская батарея,56297
Горбачёв Панкратий Наумович,Тракторист,2-я артиллерийская батарея,58955
Горбунов Виталий Борисович,Старший заправщик,2-я артиллерийская батарея,50269
Горбунов Демьян Львович,Оператор,2-я артиллерийская батарея,58412
Горбунов Дмитрий Давидович,Старший механик-водитель,2-я артиллерийская батарея,40945
Горбунов Исаак Антонинович,Каменщик,2-я артиллерийская батарея,47000
Горбунов Мечеслав Альвианович,Портной,2-я артиллерийская батарея,46100
Гордеев Денис Тарасович,Старший стрелок,2-я артиллерийская батарея,50033
Гордеев Евдоким Оскарович,Слесарь,2-я артиллерийская батарея,37983
Гордеев Ираклий Тимурович,Старший механик-водитель,2-я артиллерийская батарея,54543
Гуляев Анатолий Агафонович,Сварщик,2-я артиллерийская батарея,24397
Гусев Вячеслав Онисимович,Старший портной,2-я артиллерийская батарея,35087
Гусев Герасим Митрофанович,Старший сварщик,2-я артиллерийская батарея,46571
Гусев Евдоким Юлианович,Механик-водитель,2-я артиллерийская батарея,44786
Гусев Родион Демьянович,Машинист,2-я артиллерийская батарея,23208
Гусев Фрол Яковович,Старший портной,2-я артиллерийская батарея,21244
Гусев Яков Кириллович,Медник-жестянщик,2-я артиллерийская батарея,59057
Данилов Вилли Константинович,Старший водитель,2-я артиллерийская батарея,25910
Данилов Елисей Федорович,Старший сапер,2-я артиллерийская батарея,29107
Данилов Олег Феликсович,Помощник гранатометчика,2-я артиллерийская батарея,24937
Данилов Остап Юрьевич,Кочегар,2-я артиллерийская батарея,58831
Дементьев Герман Тимурович,Старший электрик,2-я артиллерийская батарея,57789
Дементьев Демьян Германович,Каменщик,2-я артиллерийская батарея,43959
Дементьев Фрол Евсеевич,Кок,2-я артиллерийская батарея,30872
Денисов Корней Вячеславович,Смазчик,2-я артиллерийская батарея,50568
Дроздов Иосиф Филиппович,Начальник учебного класса,2-я артиллерийская батарея,39279
Дроздов Ираклий Сергеевич,Пекарь,2-я артиллерийская батарея,12430
Дроздов Исаак Кириллович,Номер расчета,2-я артиллерийская батарея,24526
Евсеев Елисей Феликсович,Старший кок,2-я артиллерийская батарея,43384
Евсеев Людвиг Глебович,Наводчик-оператор,2-я артиллерийская батарея,11110
Ермаков Юрий Евгеньевич,Механик-водитель,2-я артиллерийская батарея,17750
Зимин Май Вадимович,Старший гранатометчик,2-я артиллерийская батарея,16294
Зимин Пантелей Борисович,Грейдерист,2-я артиллерийская батарея,17971
Зиновьев Арсен Филиппович,Старший электрик,2-я артиллерийская батарея,46701
Зиновьев Владислав Юлианович,Вьюковожатый,2-я артиллерийская батарея,53853
Зиновьев Кирилл Демьянович,Мастер,2-я артиллерийская батарея,37613
Зиновьев Корнелий Павлович,Старший заправщик,2-я артиллерийская батарея,38868
Зиновьев Фрол Проклович,Старший водитель,2-я артиллерийская батарея,40480
Зуев Варлаам Семенович,Тракторист,2-я артиллерийская батарея,22246
Зыков Ким Григорьевич,Тракторист,2-я артиллерийская батарея,55459
Иванов Лука Тарасович,Кок,2-я артиллерийская батарея,58591
Иванов Родион Макарович,Старший вулканизаторщик,2-я артиллерийская батарея,19910
Ильин Демьян Вениаминович,Кок,2-я артиллерийская батарея,54395
Кабанов Вольдемар Альвианович,Механик,2-я артиллерийская батарея,11502
Кабанов Кондрат Вадимович,Старший пулеметчик,2-я артиллерийская батарея,46859
Кабанов Лавр Тихонович,Огнеметчик,2-я артиллерийская батарея,35711
Кабанов Роман Евсеевич,Старший дизелист,2-я артиллерийская батарея,51251
Колобов Дональд Богданович,Старший сапер,2-я артиллерийская батарея,58409
Колобов Прохор Петрович,Старший мастер,2-я артиллерийская батарея,53597
Колобов Трофим Адольфович,Сапожник,2-я артиллерийская батарея,46296
Комаров Вилли Ростиславович,Номер расчета,2-я артиллерийская батарея,49599
Комаров Давид Федосеевич,Дефектовщик,2-я артиллерийская батарея,30256
Комаров Игнат Улебович,Старший кок,2-я артиллерийская батарея,27922
Комаров Ираклий Кириллович,Плотник,2-я артиллерийская батарея,40812
Кондратьев Бенедикт Павлович,Мастер,2-я артиллерийская батарея,36963
Кондратьев Харитон Якунович,Старший оператор,2-я артиллерийская батарея,53332
Коновалов Иннокентий Святославович,Старший разведчик,2-я артиллерийская батарея,25573
Коновалов Ян Тимурович,Кузнец,2-я артиллерийская батарея,13209
Кононов Абрам Сергеевич,Старший кок,2-я артиллерийская батарея,48308
Кононов Аполлон Русланович,Старший гранатометчик,2-я артиллерийская батарея,21087
Кононов Осип Якунович,Старший пильщик,2-я артиллерийская батарея,33331
Константинов Гордей Витальевич,Старший электромонтер,2-я артиллерийская батарея,42752
Константинов Рудольф Митрофанович,Стрелок,2-я артиллерийская батарея,37393
Королёв Ираклий Петрович,Старший сапожник,2-я артиллерийская батарея,24760
Королёв Прохор Валентинович,Старший портной,2-я артиллерийская батарея,39446
Костин Гавриил Аристархович,Старший плотник,2-я артиллерийская батарея,10880
Костин Геннадий Альбертович,Грейдерист,2-я артиллерийская батарея,24061
Костин Прохор Максович,Старший пекарь,2-я артиллерийская батарея,29679
Кудрявцев Дмитрий Парфеньевич,Старший вулканизаторщик,2-я артиллерийская батарея,28139
Кузнецов Иосиф Сергеевич,Старший пулеметчик,2-я артиллерийская батарея,45122
Кузнецов Корней Павлович,Старший инструментальщик,2-я артиллерийская батарея,52960
Кузнецов Натан Станиславович,Аппаратчик,2-я артиллерийская батарея,53412
Кузьмин Вальтер Кимович,Оператор,2-я артиллерийская батарея,44236
Кузьмин Варлаам Федосеевич,Бурильщик,2-я артиллерийская батарея,12164
Лыткин Вольдемар Всеволодович,Дефектовщик,2-я артиллерийская батарея,21929
Лыткин Герман Георгиевич,Помощник гранатометчика,2-я артиллерийская батарея,25267
Лыткин Родион Павлович,Старший разведчик,2-я артиллерийская батарея,45494
Макаров Арсений Станиславович,Разведчик,2-я артиллерийская батарея,30517
Макаров Велорий Эдуардович,Начальник лесопильной рамы,2-я артиллерийская батарея,39651
Макаров Денис Кимович,Портной,2-я артиллерийская батарея,15901
Макаров Ким Андреевич,Тракторист,2-я артиллерийская батарея,28533
Макаров Лука Адольфович,Сапожник,2-я артиллерийская батарея,34434
Макаров Осип Геннадьевич,Старший мастер,2-я артиллерийская батарея,53258
Макаров Юрий Улебович,Дефектовщик,2-я артиллерийская батарея,40335
Мамонтов Вальтер Артёмович,Грейдерист,2-я артиллерийская батарея,57440
Меркушев Аполлон Геннадьевич,Старший кинорадиомеханик,2-я артиллерийская батарея,49748
Меркушев Вальтер Эльдарович,Аппаратчик,2-я артиллерийская батарея,19316
Меркушев Мечеслав Давидович,Старший мастер,2-я артиллерийская батарея,37679
Михеев Аполлон Пантелеймонович,Старший кочегар,2-я артиллерийская батарея,21402
Михеев Корнелий Фролович,Механик,2-я артиллерийская батарея,54340
Михеев Моисей Сергеевич,Старший инструментальщик,2-я артиллерийская батарея,17485
Михеев Роман Ростиславович,Оператор,2-я артиллерийская батарея,29535
Назаров Назарий Валентинович,Бурильщик,2-я артиллерийская батарея,40763
Назаров Эрнест Миронович,Мельник,2-я артиллерийская батарея,30472
Нестеров Кирилл Богуславович,Крановщик,2-я артиллерийская батарея,32799
Нестеров Кондратий Антонинович,Монтажник,2-я артиллерийская батарея,27196
Носов Виталий Давидович,Старший гранатометчик,2-я артиллерийская батарея,58832
Носов Владлен Эдуардович,Наводчик,2-я артиллерийская батарея,19774
Носов Корней Семенович,Начальник лесопильной рамы,2-я артиллерийская батарея,41403
Носов Май Павлович,Старший радиотелефонист,2-я артиллерийская батарея,27709
Носов Олег Вадимович,Старший патрульный,2-я артиллерийская батарея,43558
Носов Фрол Альвианович,Старший вулканизаторщик,2-я артиллерийская батарея,36771
Носов Фрол Петрович,Старший мастер,2-я артиллерийская батарея,30546
Прохоров Виталий Юлианович,Начальник учебного класса,2-я артиллерийская батарея,23866
Родионов Кассиан Георгиевич,Аппаратчик,2-я артиллерийская батарея,42364
Родионов Мечеслав Куприянович,Старший радиотелефонист,2-я артиллерийская батарея,52853
Рожков Виссарион Владимирович,Бурильщик,2-я артиллерийская батарея,17396
Рожков Дональд Кириллович,Наводчик,2-я артиллерийская батарея,20976
Рожков Родион Кимович,Водитель,2-я артиллерийская батарея,21945
Рыбаков Панкратий Антонинович,Старший радиотелефонист,2-я артиллерийская батарея,14256
Рябов Моисей Сергеевич,Начальник учебного класса,2-я артиллерийская батарея,10002
Рябов Оскар Оскарович,Старший стрелок,2-я артиллерийская батарея,49122
Рябов Федор Онисимович,Разнорабочий,2-я артиллерийская батарея,42906
Савин Исаак Богуславович,Вулканизаторщик,2-я артиллерийская батарея,23181
Сафонов Иосиф Юрьевич,Старший кинорадиомеханик,2-я артиллерийская батарея,19560
Сафонов Панкратий Федосеевич,Каменщик,2-я артиллерийская батарея,43467
Сафонов Прохор Евсеевич,Вьюковожатый,2-я артиллерийская батарея,27029
Сергеев Вольдемар Агафонович,Старший сапер,2-я артиллерийская батарея,21931
Сергеев Емельян Евгеньевич,Тракторист,2-я артиллерийская батарея,19682
Сергеев Кассиан Дмитрьевич,Старший сварщик,2-я артиллерийская батарея,15174
Силин Варлаам Дмитрьевич,Начальник учебного класса,2-я артиллерийская батарея,45186
Силин Кассиан Лукьевич,Радиотелеграфист,2-я артиллерийская батарея,39004
Силин Май Фролович,Старший мастер,2-я артиллерийская батарея,42500
Силин Моисей Евсеевич,Старший сапер,2-я артиллерийская батарея,11411
Силин Осип Куприянович,Вожатый служебных собак,2-я артиллерийская батарея,59684
Ситников Азарий Семенович,Вьюковожатый,2-я артиллерийская батарея,43760
Ситников Дональд Ростиславович,Вожатый служебных собак,2-я артиллерийская батарея,35630
Ситников Иван Феликсович,Сварщик,2-я артиллерийская батарея,20995
Смирнов Дональд Павлович,Старший стрелок,2-я артиллерийская батарея,53487
Соколов Харитон Евгеньевич,Грейдерист,2-я артиллерийская батарея,12086
Соколов Ян Платонович,Кочегар,2-я артиллерийская батарея,10973
Степанов Герасим Филиппович,Смазчик,2-я артиллерийская батарея,43499
Степанов Леонтий Борисович,Старший водитель,2-я артиллерийская батарея,37955
Степанов Пантелей Эдуардович,Старший портной,2-я артиллерийская батарея,11417
Суханов Альфред Константинович,Кок,2-я артиллерийская батарея,55286
Сысоев Велорий Вячеславович,Старший механик-водитель,2-я артиллерийская батарея,38853
Сысоев Иван Глебович,Сапер,2-я артиллерийская батарея,52410
Сысоев Корней Святославович,Старший кузнец,2-я артиллерийская батарея,37721
Тарасов Даниил Эльдарович,Кинорадиомеханик,2-я артиллерийская батарея,51844
Тарасов Исаак Николаевич,Кузнец,2-я артиллерийская батарея,36315
Тетерин Анатолий Юлианович,Стекольщик,2-я артиллерийская батарея,34797
Тетерин Пантелеймон Русланович,Огнеметчик,2-я артиллерийская батарея,29258
Тетерин Рудольф Павлович,Плотник,2-я артиллерийская батарея,15128
Тимофеев Архип Миронович,Начальник учебного класса,2-я артиллерийская батарея,15867
Тимофеев Дональд Константинович,Старший кочегар,2-я артиллерийская батарея,57389
Тимофеев Корнелий Валерьянович,Старший электромонтер,2-я артиллерийская батарея,50740
Титов Аполлон Степанович,Дефектовщик,2-я артиллерийская батарея,51649
Титов Виссарион Христофорович,Слесарь,2-я артиллерийская батарея,56693
Титов Евдоким Романович,Стекольщик,2-я артиллерийская батарея,50523
Титов Федор Наумович,Старший кочегар,2-я артиллерийская батарея,59110
Фадеев Дмитрий Вениаминович,Начальник учебного класса,2-я артиллерийская батарея,37847
Фадеев Ефим Пётрович,Закройщик,2-я артиллерийская батарея,24303
Фадеев Мечеслав Витальевич,Старший дизелист,2-я артиллерийская батарея,30732
Фадеев Яков Валерьянович,Патрульный,2-я артиллерийская батарея,44914
Федосеев Карл Адольфович,Дрессировщик,2-я артиллерийская батарея,23262
Федосеев Тимур Леонидович,Начальник лесопильной рамы,2-я артиллерийская батарея,54006
Филатов Игнат Кириллович,Наводчик,2-я артиллерийская батарея,25875
Филатов Кондратий Семенович,Кузнец,2-я артиллерийская батарея,42323
Филатов Леонтий Проклович,Старший портной,2-я артиллерийская батарея,42865
Филатов Натан Вадимович,Дрессировщик,2-я артиллерийская батарея,59843
Филиппов Герасим Христофорович,Слесарь,2-я артиллерийская батарея,43679
Фомичёв Абрам Дмитриевич,Старший портной,2-я артиллерийская батарея,55414
Фомичёв Ираклий Феликсович,Старший электромонтер,2-я артиллерийская батарея,19737
Фомичёв Кондрат Семенович,Дизелист,2-я артиллерийская батарея,58829
Фомичёв Корней Михайлович,Старший инструментальщик,2-я артиллерийская батарея,26077
Фёдоров Арсений Адольфович,Старший кок,2-я артиллерийская батарея,46086
Фёдоров Владлен Эдуардович,Старший пулеметчик,2-я артиллерийская батарея,16573
Фёдоров Исаак Павлович,Кладовщик,2-я артиллерийская батарея,47425
Фёдоров Натан Богданович,Слесарь,2-я артиллерийская батарея,29451
Фёдоров Тимур Антонинович,Гранатометчик,2-я артиллерийская батарея,44840
Хохлов Азарий Ростиславович,Старший инструментальщик,2-я артиллерийская батарея,32004
Хохлов Емельян Проклович,Старший сапер,2-я артиллерийская батарея,42639
Хохлов Пантелей Евсеевич,Номер расчета,2-я артиллерийская батарея,37951
Чернов Давид Платонович,Старший кузнец,2-я артиллерийская батарея,30176
Чернов Иван Демьянович,Плотник,2-я артиллерийская батарея,27180
Ширяев Арсений Митрофанович,Старший сапожник,2-я артиллерийская батарея,12043
Ширяев Бенедикт Юрьевич,Крановщик,2-я артиллерийская батарея,41888
Ширяев Венедикт Константинович,Старший портной,2-я артиллерийская батарея,26738
Ширяев Исаак Николаевич,Заправщик,2-я артиллерийская батарея,15572
Ширяев Прохор Агафонович,Огнеметчик,2-я артиллерийская батарея,19409
Ширяев Рудольф Евсеевич,Закройщик,2-я артиллерийская батарея,15412
Шубин Герман Агафонович,Старший кладовщик,2-я артиллерийская батарея,15441
Шубин Илларион Игнатьевич,Водитель,2-я артиллерийская батарея,32629
Щукин Арсений Проклович,Старший кузнец,2-я артиллерийская батарея,31378
Щукин Демьян Вячеславович,Каменщик,2-я артиллерийская батарея,52673
Щукин Оскар Яковлевич,Старший патрульный,2-я артиллерийская батарея,44082
Авдеев Май Глебович,Сварщик,3-й танковый батальон,55428
Авдеев Эрнест Федорович,Старший плотник,3-й танковый батальон,57186
Агафонов Денис Альвианович,Старший механик-водитель,3-й танковый батальон,10564
Агафонов Дмитрий Еремеевич,Старший пильщик,3-й танковый батальон,29102
Агафонов Иван Онисимович,Закройщик,3-й танковый батальон,52562
Агафонов Натан Парфеньевич,Старший водитель,3-й танковый батальон,42831
Агафонов Остап Владимирович,Портной,3-й танковый батальон,43226
Аксёнов Бенедикт Еремеевич,Старший кладовщик,3-й танковый батальон,18421
Аксёнов Исаак Евсеевич,Старший разведчик,3-й танковый батальон,27874
Алексеев Анатолий Демьянович,Начальник учебного класса,3-й танковый батальон,10840
Алексеев Арсений Пётрович,Старший радиотелеграфист,3-й танковый батальон,55205
Алексеев Велорий Тимурович,Мастер,3-й танковый батальон,56094
Алексеев Давид Русланович,Кузнец,3-й танковый батальон,10993
Алексеев Остап Русланович,Старший электрик,3-й танковый батальон,45007
Андреев Гавриил Парфеньевич,Старший водитель,3-й танковый батальон,58217
Архипов Кондрат Вениаминович,Старший радиотелефонист,3-й танковый батальон,36585
Архипов Рудольф Васильевич,Кладовщик,3-й танковый батальон,15652
Белоусов Мечеслав Платонович,Грейдерист,3-й танковый батальон,58489
Беляев Герасим Львович,Вожатый служебных собак,3-й танковый батальон,46676
Беляев Дмитрий Донатович,Бурильщик,3-й танковый батальон,22047
Беляев Касьян Семёнович,Старший сапер,3-й танковый батальон,58675
Блинов Давид Куприянович,Номер расчета,3-й танковый батальон,15219
Блинов Исаак Парфеньевич,Дизелист,3-й танковый батальон,49016
Блинов Май Адольфович,Старший инструментальщик,3-й танковый батальон,58148
Блинов Фрол Лукьевич,Мельник,3-й танковый батальон,47190
Бобров Владислав Богданович,Дрессировщик,3-й танковый батальон,56630
Бобров Вячеслав Федорович,Наводчик-оператор,3-й танковый батальон,54777
Бобров Роман Львович,Начальник учебного класса,3-й танковый батальон,27109
Борисов Иннокентий Юрьевич,Маляр,3-й танковый батальон,40938
Борисов Фрол Георгиевич,Старший вулканизаторщик,3-й танковый батальон,45130
Буров Гордей Альвианович,Закройщик,3-й танковый батальон,22465
Буров Корнелий Лукьевич,Кок,3-й танковый батальон,21861
Быков Вилен Кимович,Вожатый служебных собак,3-й танковый батальон,15975
Быков Корнелий Проклович,Механик,3-й танковый батальон,36031
Быков Мартин Федотович,Радиотелефонист,3-й танковый батальон,58979
Васильев Донат Натанович,Машинист,3-й танковый батальон,14583
Васильев Прохор Глебович,Старший сапер,3-й танковый батальон,45583
Горбачёв Донат Васильевич,Старший кладовщик,3-й танковый батальон,38587
Горбачёв Емельян Николаевич,Механик-водитель,3-й танковый батальон,50398
Горбачёв Леонтий Яковлевич,Старший гранатометчик,3-й танковый батальон,14351
Горбунов Азарий Павлович,Разнорабочий,3-й танковый батальон,32698
Горбунов Геннадий Леонидович,Разнорабочий,3-й танковый батальон,58811
Горбунов Касьян Макарович,Старший портной,3-й танковый батальон,17691
Гордеев Вальтер Николаевич,Сварщик,3-й танковый батальон,27260
Гордеев Назарий Донатович,Смазчик,3-й танковый батальон,33870
Гордеев Панкратий Артёмович,Портной,3-й танковый батальон,48150
Данилов Елисей Вениаминович,Старший портной,3-й танковый батальон,39564
Данилов Оскар Мэлорович,Смазчик,3-й танковый батальон,37761
Данилов Филипп Тарасович,Гранатометчик,3-й танковый батальон,57093
Дементьев Герасим Львович,Старший патрульный,3-й танковый батальон,24326
Дементьев Харитон Евсеевич,Начальник учебного класса,3-й танковый батальон,33884
Дементьев Эрнест Яковович,Старший плотник,3-й танковый батальон,53744
Денисов Мечеслав Альбертович,Заправщик,3-й танковый батальон,18320
Дроздов Родион Богданович,Старший разведчик,3-й танковый батальон,43810
Евсеев Кирилл Феликсович,Старший портной,3-й танковый батальон,38301
Елисеев Корней Кимович,Дефектовщик,3-й танковый батальон,21201
Елисеев Корнелий Романович,Кузнец,3-й танковый батальон,46336
Елисеев Натан Яковович,Старший плотник,3-й танковый батальон,23520
Ермаков Велорий Федотович,Дефектовщик,3-й танковый батальон,37568
Ермаков Вольдемар Филиппович,Старший механик-водитель,3-й танковый батальон,56673
Ермаков Фрол Тарасович,Кузнец,3-й танковый батальон,48691
Ефимов Иосиф Богуславович,Старший инструментальщик,3-й танковый батальон,46836
Зимин Геннадий Лукьевич,Старший пулеметчик,3-й танковый батальон,55424
Зиновьев Панкратий Романович,Дефектовщик,3-й танковый батальон,31153
Зуев Вольдемар Макарович,Старший заправщик,3-й танковый батальон,43497
Зуев Яков Кимович,Радиотелефонист,3-й танковый батальон,41273
Зыков Велорий Ростиславович,Портной,3-й танковый батальон,44766
Зыков Карл Степанович,Кок,3-й танковый батальон,52862
Зыков Мечеслав Валерьянович,Дефектовщик,3-й танковый батальон,58040
Зыков Оскар Михайлович,Дрессировщик,3-й танковый батальон,12171
Зыков Тимур Евгеньевич,Разведчик,3-й танковый батальон,49367
Иванов Гордей Дмитрьевич,Старший водитель,3-й танковый батальон,38476
Иванов Остап Донатович,Разнорабочий,3-й танковый батальон,12282
Иванов Пантелеймон Пантелеймонович,Наводчик,3-й танковый батальон,30065
Ильин Даниил Святославович,Кочегар,3-й танковый батальон,39220
Ильин Дмитрий Оскарович,Бурильщик,3-й танковый батальон,59378
Ильин Кассиан Сергеевич,Старший мастер,3-й танковый батальон,43270
Ильин Моисей Борисович,Механик,3-й танковый батальон,15681
Ильин Осип Васильевич,Монтажник,3-й танковый батальон,45718
Ильин Ян Борисович,Тракторист,3-й танковый батальон,17970
Кабанов Ким Оскарович,Старший дрессировщик,3-й танковый батальон,31754
Козлов Абрам Вадимович,Стрелок,3-й танковый батальон,21882
Козлов Корнелий Максович,Грейдерист,3-й танковый батальон,27017
Козлов Прохор Филиппович,Сварщик,3-й танковый батальон,46476
Козлов Трофим Альвианович,Мастер,3-й танковый батальон,21968
Колобов Пантелеймон Владимирович,Кинорадиомеханик,3-й танковый батальон,44699
Колобов Федор Эдуардович,Плотник,3-й танковый батальон,46261
Комаров Вилли Филиппович,Плотник,3-й танковый батальон,48042
Комаров Кондратий Антонович,Заправщик,3-й танковый батальон,54763
Комаров Леонтий Христофорович,Начальник лесопильной рамы,3-й танковый батальон,30669
Комаров Олег Дмитрьевич,Закройщик,3-й танковый батальон,44805
Комаров Федор Юлианович,Старший мастер,3-й танковый батальон,29337
Кондратьев Вилен Павлович,Закройщик,3-й танковый батальон,23201
Кондратьев Герасим Тихонович,Пулеметчик,3-й танковый батальон,17180
Кондратьев Лука Матвеевич,Старший электрик,3-й танковый батальон,39622
Кондратьев Харитон Витальевич,Стекольщик,3-й танковый батальон,29446
Коновалов Геннадий Степанович,Старший механик-водитель,3-й танковый батальон,35759
Коновалов Кирилл Улебович,Бурильщик,3-й танковый батальон,56195
Коновалов Станислав Валерьянович,Старший сварщик,3-й танковый батальон,55384
Коновалов Фрол Валерьянович,Старший стрелок,3-й танковый батальон,22336
Коновалов Яков Федорович,Сапер,3-й танковый батальон,46955
Кононов Велорий Макарович,Пекарь,3-й танковый батальон,56068
Кононов Ираклий Богуславович,Дизелист,3-й танковый батальон,20820
Кононов Роман Антонинович,Старший портной,3-й танковый батальон,41351
Кононов Роман Леонидович,Старший водитель,3-й танковый батальон,25478
Кононов Ян Адольфович,Старший мастер,3-й танковый батальон,52448
Константинов Федор Антонович,Дефектовщик,3-й танковый батальон,43869
Королёв Азарий Михайлович,Начальник лесопильной рамы,3-й танковый батальон,59935
Королёв Анатолий Макарович,Смазчик,3-й танковый батальон,25865
Королёв Арсен Юлианович,Номер расчета,3-й танковый батальон,44653
Королёв Кондратий Артёмович,Пекарь,3-й танковый батальон,59519
Королёв Рудольф Эдуардович,Старший дрессировщик,3-й танковый батальон,12102
Костин Демьян Федосеевич,Кинорадиомеханик,3-й танковый батальон,53058
Костин Иосиф Вячеславович,Мастер,3-й танковый батальон,59503
Костин Лавр Валентинович,Плотник,3-й танковый батальон,58147
Костин Людвиг Васильевич,Старший сварщик,3-й танковый батальон,28187
Кудрявцев Азарий Дмитриевич,Смазчик,3-й танковый батальон,11138
Кудрявцев Гордей Евгеньевич,Старший кладовщик,3-й танковый батальон,52718
Кудрявцев Дмитрий Всеволодович,Старший инструментальщик,3-й танковый батальон,41442
Кудрявцев Тимур Игнатьевич,Старший кочегар,3-й танковый батальон,46139
Кузнецов Анатолий Наумович,Старший водитель,3-й танковый батальон,39004
Кузнецов Устин Тимурович,Старший сапожник,3-й танковый батальон,18660
Кузьмин Иннокентий Мэлорович,Наводчик-оператор,3-й танковый батальон,22242
Кузьмин Яков Куприянович,Старший кочегар,3-й танковый батальон,44069
Макаров Фрол Вадимович,Тракторист,3-й танковый батальон,35725
Мамонтов Леонтий Юрьевич,Сапер,3-й танковый батальон,58213
Меркушев Трофим Владимирович,Старший кузнец,3-й танковый батальон,16334
Меркушев Филипп Мэлорович,Каменщик,3-й танковый батальон,10854
Михеев Герасим Онисимович,Старший электромонтер,3-й танковый батальон,12977
Михеев Филипп Владимирович,Старший водитель,3-й танковый батальон,51809
Назаров Демьян Васильевич,Кок,3-й танковый батальон,21307
Назаров Моисей Юлианович,Старший кладовщик,3-й танковый батальон,27738
Назаров Пантелеймон Ростиславович,Пильщик,3-й танковый батальон,26340
Носков Азарий Яковлевич,Старший радиотелефонист,3-й танковый батальон,36705
Носков Варлам Улебович,Бурильщик,3-й танковый батальон,55413
Носков Венедикт Яковлевич,Сварщик,3-й танковый батальон,33908
Носков Корней Аристархович,Смазчик,3-й танковый батальон,47665
Носов Игнат Вениаминович,Старший гранатометчик,3-й танковый батальон,58506
Носов Леонтий Святославович,Старший сапер,3-й танковый батальон,31936
Прохоров Натан Парфеньевич,Старший плотник,3-й танковый батальон,47557
Прохоров Харитон Сергеевич,Слесарь,3-й танковый батальон,46084
Прохоров Юрий Владимирович,Старший дизелист,3-й танковый батальон,28853
Родионов Абрам Антонович,Старший портной,3-й танковый батальон,50827
Родионов Вилен Яковлевич,Сапер,3-й танковый батальон,57071
Родионов Виссарион Семенович,Патрульный,3-й танковый батальон,17440
Родионов Давид Николаевич,Старший разведчик,3-й танковый батальон,25239
Родионов Ян Проклович,Сапожник,3-й танковый батальон,11274
Рожков Владлен Дмитрьевич,Старший радиотелеграфист,3-й танковый батальон,58610
Рожков Даниил Ростиславович,Тракторист,3-й танковый батальон,31577
Рожков Иван Альбертович,Наводчик-оператор,3-й танковый батальон,52120
Рожков Натан Германович,Старший разведчик,3-й танковый батальон,48140
Рыбаков Артем Святославович,Старший вулканизаторщик,3-й танковый батальон,27899
Рыбаков Вилен Вадимович,Патрульный,3-й танковый батальон,59383
Рябов Гордей Наумович,Мельник,3-й танковый батальон,44128
Рябов Карл Романович,Плотник,3-й танковый батальон,54528
Савин Азарий Яковлевич,Маляр,3-й танковый батальон,51029
Савин Дональд Валерьянович,Сапожник,3-й танковый батальон,42956
Савин Донат Адольфович,Вьюковожатый,3-й танковый батальон,53612
Сафонов Май Владимирович,Старший патрульный,3-й танковый батальон,35210
Сафонов Федор Глебович,Помощник начальника автодрома,3-й танковый батальон,33655
Сергеев Евдоким Артёмович,Мельник,3-й танковый батальон,12705
Сергеев Кондратий Адольфович,Стекольщик,3-й танковый батальон,15046
Сергеев Леонтий Наумович,Огнеметчик,3-й танковый батальон,55649
Сергеев Олег Витальевич,Старший гранатометчик,3-й танковый батальон,57489
Силин Варлам Кириллович,Дефектовщик,3-й танковый батальон,23297
Силин Юлиан Святославович,Каменщик,3-й танковый батальон,49108
Ситников Варлам Яковович,Старший пильщик,3-й танковый батальон,55150
Ситников Герман Наумович,Машинист,3-й танковый батальон,28922
Ситников Тимур Константинович,Начальник учебного класса,3-й танковый батальон,43854
Смирнов Велорий Артёмович,Старший пулеметчик,3-й танковый батальон,45129
Смирнов Харитон Яковлевич,Наводчик-оператор,3-й танковый батальон,53405
Соколов Гордей Васильевич,Бурильщик,3-й танковый батальон,49516
Соколов Илларион Васильевич,Водитель,3-й танковый батальон,50455
Соколов Назарий Федотович,Старший кладовщик,3-й танковый батальон,26327
Соколов Фрол Валерьянович,Старший сварщик,3-й танковый батальон,36037
Степанов Герасим Митрофанович,Разведчик,3-й танковый батальон,15993
Степанов Кондрат Евгеньевич,Старший вожатый служебных собак,3-й танковый батальон,24508
Суханов Бенедикт Всеволодович,Старший кок,3-й танковый батальон,10918
Суханов Емельян Романович,Старший электромонтер,3-й танковый батальон,32375
Суханов Фрол Мэлорович,Радиотелеграфист,3-й танковый батальон,51064
Тарасов Азарий Русланович,Мельник,3-й танковый батальон,45891
Тарасов Варлаам Всеволодович,Дизелист,3-й танковый батальон,49133
Тарасов Велорий Адольфович,Старший дизелист,3-й танковый батальон,14486
Тарасов Геннадий Пантелеймонович,Аппаратчик,3-й танковый батальон,38380
Тарасов Лавр Глебович,Начальник лесопильной рамы,3-й танковый батальон,40113
Тарасов Май Натанович,Кочегар,3-й танковый батальон,48835
Тарасов Станислав Феликсович,Водитель,3-й танковый батальон,10520
Тетерин Елисей Богуславович,Машинист,3-й танковый батальон,52512
Тимофеев Варлам Станиславович,Разведчик,3-й танковый батальон,17796
Тимофеев Вилли Феликсович,Старший патрульный,3-й танковый батальон,43594
Титов Вилли Григорьевич,Смазчик,3-й танковый батальон,40708
Титов Панкратий Всеволодович,Старший гранатометчик,3-й танковый батальон,43742
Фадеев Демьян Евсеевич,Старший маляр,3-й танковый батальон,47117
Фадеев Яков Святославович,Механик-водитель,3-й танковый батальон,10139
Федосеев Анатолий Всеволодович,Старший сапожник,3-й танковый батальон,14179
Федосеев Денис Борисович,Оператор,3-й танковый батальон,32786
Федосеев Кассиан Семенович,Старший кок,3-й танковый батальон,39683
Филатов Герман Макарович,Старший маляр,3-й танковый батальон,52752
Филатов Фрол Леонидович,Старший механик-водитель,3-й танковый батальон,27626
Филиппов Вячеслав Вадимович,Старший маляр,3-й танковый батальон,12561
Филиппов Май Демьянович,Кочегар,3-й танковый батальон,49923
Филиппов Трофим Семенович,Гранатометчик,3-й танковый батальон,46520
Фомичёв Велорий Андреевич,Кладовщик,3-й танковый батальон,16338
Фомичёв Донат Еремеевич,Номер расчета,3-й танковый батальон,21630
Фомичёв Касьян Вадимович,Старший дрессировщик,3-й танковый батальон,20662
Фомичёв Прохор Валентинович,Сварщик,3-й танковый батальон,45581
Фомичёв Юлиан Всеволодович,Номер расчета,3-й танковый батальон,27761
Фёдоров Панкратий Эдуардович,Старший маляр,3-й танковый батальон,27764
Хохлов Варлам Агафонович,Пильщик,3-й танковый батальон,50371
Хохлов Виталий Яковлевич,Старший кузнец,3-й танковый батальон,42030
Хохлов Карл Петрович,Закройщик,3-й танковый батальон,34816
Чернов Мечеслав Степанович,Старший водитель,3-й танковый батальон,15456
Чернов Трофим Федотович,Мастер,3-й танковый батальон,12096
Чернов Филипп Павлович,Начальник учебного класса,3-й танковый батальон,20959
Шашков Емельян Альвианович,Пекарь,3-й танковый батальон,56075
Ширяев Архип Ростиславович,Начальник лесопильной рамы,3-й танковый батальон,59107
Ширяев Дональд Парфеньевич,Старший кок,3-й танковый батальон,17995
Ширяев Иннокентий Станиславович,Пильщик,3-й танковый батальон,45655
Ширяев Моисей Всеволодович,Кок,3-й танковый батальон,49879
Ширяев Станислав Валентинович,Старший водитель,3-й танковый батальон,41683
Ширяев Ян Семёнович,Грейдерист,3-й танковый батальон,24776
Шубин Вольдемар Петрович,Монтажник,3-й танковый батальон,23390
Шубин Ефим Дмитрьевич,Старший водитель,3-й танковый батальон,21202
Шубин Иосиф Германович,Дефектовщик,3-й танковый батальон,38904
Щукин Герман Валентинович,Плотник,3-й танковый батальон,27815
Щукин Карл Геннадьевич,Пекарь,3-й танковый батальон,45346
Щукин Пантелей Львович,Закройщик,3-й танковый батальон,44655
Щукин Роман Онисимович,Портной,3-й танковый батальон,50503
Авдеев Архип Кириллович,Патрульный,82-я воздушно-десантная дивизия,56444
Авдеев Иосиф Станиславович,Разнорабочий,82-я воздушно-десантная дивизия,19118
Авдеев Натан Миронович,Старший заправщик,82-я воздушно-десантная дивизия,34638
Авдеев Трофим Васильевич,Старший столяр,82-я воздушно-десантная дивизия,35800
Агафонов Гавриил Максович,Старший инструментальщик,82-я воздушно-десантная дивизия,18133
Аксёнов Кассиан Федорович,Старший плотник,82-я воздушно-десантная дивизия,30785
Алексеев Арсен Николаевич,Дизелист,82-я воздушно-десантная дивизия,37120
Алексеев Лука Игнатьевич,Механик,82-я воздушно-десантная дивизия,56334
Андреев Архип Богуславович,Аппаратчик,82-я воздушно-десантная дивизия,12470
Андреев Варлаам Пантелеймонович,Старший кочегар,82-я воздушно-десантная дивизия,16541
Андреев Лука Парфеньевич,Смазчик,82-я воздушно-десантная дивизия,37667
Андреев Устин Евгеньевич,Бурильщик,82-я воздушно-десантная дивизия,58929
Архипов Вячеслав Якунович,Радиотелефонист,82-я воздушно-десантная дивизия,11861
Архипов Дональд Митрофанович,Старший водитель,82-я воздушно-десантная дивизия,28746
Архипов Тимур Евгеньевич,Номер расчета,82-я воздушно-десантная дивизия,36984
Белоусов Артем Петрович,Старший вулканизаторщик,82-я воздушно-десантная дивизия,56027
Беляев Арсен Григорьевич,Дизелист,82-я воздушно-десантная дивизия,32097
Беляев Арсен Давидович,Старший кладовщик,82-я воздушно-десантная дивизия,20411
Беляев Арсений Игнатьевич,Старший оператор,82-я воздушно-десантная дивизия,14172
Беляев Венедикт Агафонович,Мельник,82-я воздушно-десантная дивизия,14722
Беляев Ефим Пётрович,Разведчик,82-я воздушно-десантная дивизия,19116
Беляев Людвиг Вениаминович,Аппаратчик,82-я воздушно-десантная дивизия,12197
Беляков Вальтер Валерьянович,Помощник гранатометчика,82-я воздушно-десантная дивизия,27935
Беляков Назарий Степанович,Старший водитель,82-я воздушно-десантная дивизия,42085
Блинов Гавриил Мэлорович,Старший электрик,82-я воздушно-десантная дивизия,17086
Блинов Герасим Николаевич,Пекарь,82-я воздушно-десантная дивизия,43618
Блинов Назарий Германович,Старший электрик,82-я воздушно-десантная дивизия,59783
Блинов Юрий Станиславович,Оператор,82-я воздушно-десантная дивизия,28339
Бобров Эрнест Вячеславович,Наводчик-оператор,82-я воздушно-десантная дивизия,22603
Борисов Герман Игнатьевич,Помощник начальника автодрома,82-я воздушно-десантная дивизия,58022
Борисов Ефим Антонович,Медник-жестянщик,82-я воздушно-десантная дивизия,13810
Борисов Корней Васильевич,Слесарь,82-я воздушно-десантная дивизия,19989
Буров Артем Романович,Вожатый служебных собак,82-я воздушно-десантная дивизия,13861
Буров Вилен Ростиславович,Старший пулеметчик,82-я воздушно-десантная дивизия,19817
Буров Пантелеймон Глебович,Вожатый служебных собак,82-я воздушно-десантная дивизия,56339
Быков Леонтий Евсеевич,Механик-водитель,82-я воздушно-десантная дивизия,19100
Васильев Людвиг Натанович,Мастер,82-я воздушно-десантная дивизия,57603
Васильев Осип Пантелеймонович,Вьюковожатый,82-я воздушно-десантная дивизия,58826
Васильев Яков Антонинович,Старший пильщик,82-я воздушно-десантная дивизия,59508
Воронов Бенедикт Семёнович,Старший водитель,82-я воздушно-десантная дивизия,32512
Герасимов Иосиф Богданович,Огнеметчик,82-я воздушно-десантная дивизия,42824
Герасимов Кондратий Антонинович,Кузнец,82-я воздушно-десантная дивизия,24772
Герасимов Лука Дмитриевич,Старший сапожник,82-я воздушно-десантная дивизия,15056
Горбачёв Анатолий Сергеевич,Крановщик,82-я воздушно-десантная дивизия,47814
Горбачёв Денис Феликсович,Старший портной,82-я воздушно-десантная дивизия,20384
Горбачёв Людвиг Юлианович,Радиотелефонист,82-я воздушно-десантная дивизия,17283
Горбачёв Остап Геннадьевич,Старший электрик,82-я воздушно-десантная дивизия,15946
Гордеев Виталий Яковович,Старший гранатометчик,82-я воздушно-десантная дивизия,53573
Гордеев Вольдемар Артёмович,Аппаратчик,82-я воздушно-десантная дивизия,31239
Гуляев Герасим Наумович,Разнорабочий,82-я воздушно-десантная дивизия,41953
Гуляев Гордей Еремеевич,Дизелист,82-я воздушно-десантная дивизия,47232
Гуляев Даниил Пётрович,Стекольщик,82-я воздушно-десантная дивизия,40110
Гуляев Кондрат Еремеевич,Старший электрик,82-я воздушно-десантная дивизия,43000
Гуляев Людвиг Тимурович,Старший мастер,82-я воздушно-десантная дивизия,19850
Гуляев Оскар Матвеевич,Закройщик,82-я воздушно-десантная дивизия,59006
Гуляев Прохор Георгиевич,Старший мастер,82-я воздушно-десантная дивизия,18491
Гусев Кондрат Натанович,Сварщик,82-я воздушно-десантная дивизия,35799
Данилов Вилли Георгиевич,Сварщик,82-я воздушно-десантная дивизия,34362
Данилов Яков Эдуардович,Старший вожатый служебных собак,82-я воздушно-десантная дивизия,39215
Дементьев Арсен Георгиевич,Старший водитель,82-я воздушно-десантная дивизия,10598
Дементьев Велорий Борисович,Водитель,82-я воздушно-десантная дивизия,54533
Дементьев Владлен Вячеславович,Помощник начальника автодрома,82-я воздушно-десантная дивизия,22769
Дементьев Гавриил Вячеславович,Монтажник,82-я воздушно-десантная дивизия,16542
Дементьев Касьян Васильевич,Старший патрульный,82-я воздушно-десантная дивизия,37597
Дементьев Роман Святославович,Пулеметчик,82-я воздушно-десантная дивизия,42978
Дементьев Фрол Агафонович,Монтажник,82-я воздушно-десантная дивизия,36758
Дементьев Яков Платонович,Пекарь,82-я воздушно-десантная дивизия,35875
Денисов Варлам Пантелеймонович,Радиотелефонист,82-я воздушно-десантная дивизия,39818
Денисов Венедикт Тимурович,Старший радиотелефонист,82-я воздушно-десантная дивизия,15461
Денисов Май Романович,Механик,82-я воздушно-десантная дивизия,28120
Денисов Мечеслав Адольфович,Кузнец,82-я воздушно-десантная дивизия,46440
Дроздов Иннокентий Тихонович,Старший кинорадиомеханик,82-я воздушно-десантная дивизия,13917
Дроздов Корнелий Владимирович,Старший заправщик,82-я воздушно-десантная дивизия,13829
Евсеев Виталий Антонович,Смазчик,82-я воздушно-десантная дивизия,10881
Евсеев Иван Тимурович,Наводчик,82-я воздушно-десантная дивизия,54527
Евсеев Мечеслав Филиппович,Механик,82-я воздушно-десантная дивизия,46866
Елисеев Бенедикт Петрович,Старший сварщик,82-я воздушно-десантная дивизия,42227
Елисеев Гордей Платонович,Старший пильщик,82-я воздушно-десантная дивизия,53281
Ермаков Демьян Аристархович,Кинорадиомеханик,82-я воздушно-десантная дивизия,28566
Ефимов Абрам Богданович,Пильщик,82-я воздушно-десантная дивизия,43681
Ефимов Анатолий Евгеньевич,Стрелок,82-я воздушно-десантная дивизия,45737
Ефимов Корнелий Лукьевич,Старший радиотелеграфист,82-я воздушно-десантная дивизия,27299
Ефимов Оскар Максович,Кок,82-я воздушно-десантная дивизия,45420
Зимин Тимур Федосеевич,Закройщик,82-я воздушно-десантная дивизия,37695
Зимин Федор Сергеевич,Тракторист,82-я воздушно-десантная дивизия,59141
Зимин Филипп Наумович,Старший маляр,82-я воздушно-десантная дивизия,52484
Зиновьев Варлаам Улебович,Старший водитель,82-я воздушно-десантная дивизия,32331
Зиновьев Даниил Игнатьевич,Разведчик,82-я воздушно-десантная дивизия,16617
Зиновьев Май Станиславович,Каменщик,82-я воздушно-десантная дивизия,46113
Зиновьев Мартин Матвеевич,Сварщик,82-я воздушно-десантная дивизия,27271
Зиновьев Филипп Натанович,Старший кочегар,82-я воздушно-десантная дивизия,21235
Зуев Вилли Романович,Номер расчета,82-я воздушно-десантная дивизия,28178
Зуев Геннадий Кимович,Старший кочегар,82-я воздушно-десантная дивизия,31284
Зуев Донат Максович,Старший вожатый служебных собак,82-я воздушно-десантная дивизия,20931
Зыков Иван Вениаминович,Дефектовщик,82-я воздушно-десантная дивизия,44887
Иванов Варлам Тарасович,Старший водитель,82-я воздушно-десантная дивизия,53994
Иванов Прохор Федотович,Старший разведчик,82-я воздушно-десантная дивизия,22934
Иванов Фрол Юлианович,Старший кладовщик,82-я воздушно-десантная дивизия,48143
Ильин Альфред Наумович,Старший стрелок,82-я воздушно-десантная дивизия,14836
Кабанов Арсен Олегович,Помощник начальника автодрома,82-я воздушно-десантная дивизия,57351
Кабанов Ян Витальевич,Старший электромонтер,82-я воздушно-десантная дивизия,41048
Козлов Вячеслав Олегович,Старший оператор,82-я воздушно-десантная дивизия,51227
Козлов Дмитрий Вениаминович,Старший радиотелеграфист,82-я воздушно-десантная дивизия,42331
Козлов Роман Агафонович,Кок,82-я воздушно-десантная дивизия,54714
Козлов Рудольф Куприянович,Водитель,82-я воздушно-десантная дивизия,46707
Колобов Тимур Григорьевич,Старший патрульный,82-я воздушно-десантная дивизия,50243
Колобов Харитон Витальевич,Кладовщик,82-я воздушно-десантная дивизия,26328
Комаров Гордей Фролович,Номер расчета,82-я воздушно-десантная дивизия,25041
Комаров Демьян Вячеславович,Разведчик,82-я воздушно-десантная дивизия,34500
Комаров Исаак Антонинович,Старший оператор,82-я воздушно-десантная дивизия,54420
Комаров Пантелей Вячеславович,Старший кладовщик,82-я воздушно-десантная дивизия,21649
Комаров Ян Тарасович,Радиотелефонист,82-я воздушно-десантная дивизия,42752
Кондратьев Вилен Русланович,Старший кинорадиомеханик,82-я воздушно-десантная дивизия,11575
Кондратьев Владлен Федотович,Старший пулеметчик,82-я воздушно-десантная дивизия,56867
Кондратьев Елисей Фролович,Каменщик,82-я воздушно-десантная дивизия,12878
Кондратьев Иосиф Богуславович,Гранатометчик,82-я воздушно-десантная дивизия,52835
Коновалов Азарий Вениаминович,Медник-жестянщик,82-я воздушно-десантная дивизия,58885
Коновалов Моисей Павлович,Монтажник,82-я воздушно-десантная дивизия,44204
Кононов Родион Геннадьевич,Механик-водитель,82-я воздушно-десантная дивизия,53252
Константинов Велорий Владимирович,Старший сапожник,82-я воздушно-десантная дивизия,57765
Константинов Дмитрий Богуславович,Старший пулеметчик,82-я воздушно-десантная дивизия,45561
Константинов Иосиф Артёмович,Старший пекарь,82-я воздушно-десантная дивизия,28622
Константинов Кондратий Евсеевич,Старший кок,82-я воздушно-десантная дивизия,31291
Королёв Вячеслав Глебович,Кинорадиомеханик,82-я воздушно-десантная дивизия,32469
Королёв Дмитрий Вениаминович,Кузнец,82-я воздушно-десантная дивизия,24635
Королёв Иосиф Тарасович,Начальник лесопильной рамы,82-я воздушно-десантная дивизия,35641
Костин Арсений Дмитриевич,Смазчик,82-я воздушно-десантная дивизия,16574
Костин Демьян Германович,Старший сварщик,82-я воздушно-десантная дивизия,20214
Костин Емельян Степанович,Сапожник,82-я воздушно-десантная дивизия,24077
Костин Олег Агафонович,Старший столяр,82-я воздушно-десантная дивизия,25178
Кудрявцев Вилен Тарасович,Тракторист,82-я воздушно-десантная дивизия,12316
Кудрявцев Исаак Натанович,Дефектовщик,82-я воздушно-десантная дивизия,46860
Кудрявцев Трофим Кириллович,Гранатометчик,82-я воздушно-десантная дивизия,55784
Кудрявцев Федор Витальевич,Старший пильщик,82-я воздушно-десантная дивизия,25301
Кузнецов Вилен Степанович,Старший кок,82-я воздушно-десантная дивизия,15466
Кузнецов Исаак Давидович,Монтажник,82-я воздушно-десантная дивизия,52783
Кузнецов Родион Яковлевич,Мастер,82-я воздушно-десантная дивизия,11886
Кузьмин Гавриил Платонович,Старший патрульный,82-я воздушно-десантная дивизия,17228
Кузьмин Илларион Аристархович,Мельник,82-я воздушно-десантная дивизия,58462
Кузьмин Лука Константинович,Старший маляр,82-я воздушно-десантная дивизия,41847
Лыткин Остап Платонович,Портной,82-я воздушно-десантная дивизия,51681
Макаров Вилен Эдуардович,Старший инструментальщик,82-я воздушно-десантная дивизия,58115
Макаров Даниил Тарасович,Маляр,82-я воздушно-десантная дивизия,39176
Макаров Федор Дмитриевич,Разведчик,82-я воздушно-десантная дивизия,51044
Макаров Ян Улебович,Закройщик,82-я воздушно-десантная дивизия,45443
Мамонтов Осип Яковлевич,Старший электрик,82-я воздушно-десантная дивизия,26397
Мамонтов Пантелеймон Максович,Стрелок,82-я воздушно-десантная дивизия,33587
Мамонтов Пантелеймон Натанович,Старший оператор,82-я воздушно-десантная дивизия,31740
Меркушев Лука Игнатьевич,Старший плотник,82-я воздушно-десантная дивизия,30046
Михеев Варлаам Дмитрьевич,Помощник начальника автодрома,82-я воздушно-десантная дивизия,38372
Михеев Елисей Семёнович,Сварщик,82-я воздушно-десантная дивизия,33648
Назаров Герасим Макарович,Монтажник,82-я воздушно-десантная дивизия,46903
Назаров Касьян Миронович,Гранатометчик,82-я воздушно-десантная дивизия,55067
Нестеров Иннокентий Мэлорович,Сапожник,82-я воздушно-десантная дивизия,22849
Носов Иосиф Лукьевич,Старший механик-водитель,82-я воздушно-десантная дивизия,45028
Прохоров Арсений Евгеньевич,Старший водитель,82-я воздушно-десантная дивизия,26250
Прохоров Вольдемар Тихонович,Старший инструментальщик,82-я воздушно-десантная дивизия,49131
Прохоров Иосиф Богуславович,Смазчик,82-я воздушно-десантная дивизия,11879
Прохоров Моисей Валерьянович,Водитель,82-я воздушно-десантная дивизия,28613
Родионов Азарий Альбертович,Старший сапожник,82-я воздушно-десантная дивизия,27643
Родионов Артем Семёнович,Наводчик,82-я воздушно-десантная дивизия,56034
Родионов Вилли Мэлорович,Сварщик,82-я воздушно-десантная дивизия,46780
Рожков Архип Богданович,Разнорабочий,82-я воздушно-десантная дивизия,43435
Рожков Донат Леонидович,Начальник лесопильной рамы,82-я воздушно-десантная дивизия,46885
Рожков Олег Вячеславович,Дефектовщик,82-я воздушно-десантная дивизия,14118
Рожков Панкратий Яковович,Кладовщик,82-я воздушно-десантная дивизия,44839
Рожков Станислав Павлович,Старший дрессировщик,82-я воздушно-десантная дивизия,41443
Рыбаков Венедикт Митрофанович,Помощник гранатометчика,82-я воздушно-десантная дивизия,13069
Рыбаков Моисей Павлович,Дефектовщик,82-я воздушно-десантная дивизия,14723
Рябов Станислав Львович,Начальник учебного класса,82-я воздушно-десантная дивизия,36785
Савин Венедикт Еремеевич,Портной,82-я воздушно-десантная дивизия,26716
Сафонов Архип Давидович,Старший оператор,82-я воздушно-десантная дивизия,32014
Сафонов Илларион Кириллович,Огнеметчик,82-я воздушно-десантная дивизия,34966
Сафонов Олег Пантелеймонович,Стекольщик,82-я воздушно-десантная дивизия,15431
Сергеев Гордей Вадимович,Старший кочегар,82-я воздушно-десантная дивизия,53995
Сергеев Ираклий Тихонович,Заправщик,82-я воздушно-десантная дивизия,32345
Сергеев Панкратий Яковлевич,Старший пильщик,82-я воздушно-десантная дивизия,44478
Силин Бенедикт Адольфович,Старший пильщик,82-я воздушно-десантная дивизия,57163
Силин Иосиф Онисимович,Тракторист,82-я воздушно-десантная дивизия,38793
Ситников Венедикт Павлович,Радиотелеграфист,82-я воздушно-десантная дивизия,49530
Ситников Кассиан Мэлорович,Вулканизаторщик,82-я воздушно-десантная дивизия,22229
Ситников Панкратий Дмитриевич,Старший кладовщик,82-я воздушно-десантная дивизия,42863
Смирнов Виталий Миронович,Пильщик,82-я воздушно-десантная дивизия,22731
Смирнов Емельян Улебович,Старший инструментальщик,82-я воздушно-десантная дивизия,28160
Соколов Азарий Ростиславович,Начальник учебного класса,82-я воздушно-десантная дивизия,18039
Степанов Дональд Валентинович,Портной,82-я воздушно-десантная дивизия,54718
Степанов Лука Геннадьевич,Старший водитель,82-я воздушно-десантная дивизия,49857
Суханов Альфред Евсеевич,Старший дрессировщик,82-я воздушно-десантная дивизия,50128
Суханов Арсений Донатович,Пекарь,82-я воздушно-десантная дивизия,10172
Суханов Вилен Семенович,Радиотелефонист,82-я воздушно-десантная дивизия,28842
Суханов Трофим Натанович,Мастер,82-я воздушно-десантная дивизия,55088
Сысоев Емельян Эдуардович,Бурильщик,82-я воздушно-десантная дивизия,50589
Сысоев Лавр Вячеславович,Дизелист,82-я воздушно-десантная дивизия,11732
Сысоев Людвиг Ростиславович,Закройщик,82-я воздушно-десантная дивизия,53450
Тетерин Пантелей Николаевич,Смазчик,82-я воздушно-десантная дивизия,30242
Тетерин Тимур Донатович,Старший пулеметчик,82-я воздушно-десантная дивизия,42134
Тетерин Юлиан Платонович,Огнеметчик,82-я воздушно-десантная дивизия,39883
Тимофеев Вольдемар Аристархович,Старший патрульный,82-я воздушно-десантная дивизия,28224
Титов Вилен Семёнович,Плотник,82-я воздушно-десантная дивизия,59311
Титов Мартин Тимурович,Портной,82-я воздушно-десантная дивизия,36733
Фадеев Варлаам Давидович,Старший пильщик,82-я воздушно-десантная дивизия,26463
Фадеев Герасим Пантелеймонович,Дрессировщик,82-я воздушно-десантная дивизия,15317
Фадеев Родион Павлович,Старший вулканизаторщик,82-я воздушно-десантная дивизия,26446
Филатов Герман Павлович,Сварщик,82-я воздушно-десантная дивизия,55971
Филатов Евдоким Семенович,Сапожник,82-я воздушно-десантная дивизия,59797
Филатов Олег Семенович,Портной,82-я воздушно-десантная дивизия,33355
Филатов Остап Германович,Старший радиотелеграфист,82-я воздушно-десантная дивизия,13081
Фомичёв Касьян Романович,Крановщик,82-я воздушно-десантная дивизия,48435
Фомичёв Корнелий Платонович,Старший кок,82-я воздушно-десантная дивизия,55048
Фомичёв Мартин Евгеньевич,Медник-жестянщик,82-я воздушно-десантная дивизия,45543
Фёдоров Иосиф Кимович,Старший кладовщик,82-я воздушно-десантная дивизия,30649
Фёдоров Кирилл Агафонович,Наводчик,82-я воздушно-десантная дивизия,14081
Фёдоров Корней Михайлович,Старший водитель,82-я воздушно-десантная дивизия,40764
Фёдоров Панкратий Сергеевич,Старший водитель,82-я воздушно-десантная дивизия,43047
Хохлов Геннадий Евсеевич,Сапер,82-я воздушно-десантная дивизия,22511
Чернов Мартин Эдуардович,Старший сварщик,82-я воздушно-десантная дивизия,15135
Чернов Моисей Артёмович,Начальник лесопильной рамы,82-я воздушно-десантная дивизия,44504
Чернов Трофим Валерьянович,Дефектовщик,82-я воздушно-десантная дивизия,25810
Шашков Донат Яковлевич,Наводчик-оператор,82-я воздушно-десантная дивизия,17786
Шашков Моисей Юлианович,Старший гранатометчик,82-я воздушно-десантная дивизия,29136
Ширяев Альфред Оскарович,Старший сварщик,82-я воздушно-десантная дивизия,51492
Ширяев Альфред Романович,Кинорадиомеханик,82-я воздушно-десантная дивизия,46875
Ширяев Герман Кимович,Дефектовщик,82-я воздушно-десантная дивизия,30478
Ширяев Лука Митрофанович,Гранатометчик,82-я воздушно-десантная дивизия,45394
Ширяев Станислав Яковлевич,Номер расчета,82-я воздушно-десантная дивизия,55712
Шубин Ефим Кимович,Бурильщик,82-я воздушно-десантная дивизия,35775
Щукин Виссарион Всеволодович,Помощник гранатометчика,82-я воздушно-десантная дивизия,45524
Щукин Виталий Якунович,Старший маляр,82-я воздушно-десантная дивизия,37014
Щукин Демьян Максович,Помощник начальника автодрома,82-я воздушно-десантная дивизия,39325
Щукин Кассиан Адольфович,Слесарь,82-я воздушно-десантная дивизия,37537
Щукин Лавр Вадимович,Старший дрессировщик,82-я воздушно-десантная дивизия,57010
